{"cameraMode":{"drawMode":0,"name":"Shaded","section":"Shading Mode"},"sceneLighting":false,"audioPlay":false,"sceneViewState":{"showFog":true,"showMaterialUpdate":false,"showSkybox":true,"showFlares":true,"showImageEffects":true,"showParticleSystems":true},"in2DMode":false,"pivot":{"x":0.0009517669677734375,"y":0.8272780179977417,"z":0.000213623046875},"rotation":{"x":0.10640257596969605,"y":0.7673658728599548,"z":-0.13203802704811097,"w":0.6183802485466003},"size":46.77100372314453,"orthographic":false}