{"cameraMode":{"drawMode":0,"name":"Shaded","section":"Shading Mode"},"sceneLighting":false,"audioPlay":false,"sceneViewState":{"showFog":true,"showMaterialUpdate":false,"showSkybox":true,"showFlares":true,"showImageEffects":true,"showParticleSystems":true},"in2DMode":false,"pivot":{"x":-0.029766708612442018,"y":1.0961593389511109,"z":1.354060411453247},"rotation":{"x":0.03298869729042053,"y":0.7849961519241333,"z":-0.041957151144742969,"w":0.6171972751617432},"size":4.713700771331787,"orthographic":false}