{"cameraMode":{"drawMode":0,"name":"Shaded","section":"Shading Mode"},"sceneLighting":false,"audioPlay":false,"sceneViewState":{"showFog":true,"showMaterialUpdate":false,"showSkybox":true,"showFlares":true,"showImageEffects":true,"showParticleSystems":true},"in2DMode":false,"pivot":{"x":-0.08480465412139893,"y":0.19718801975250245,"z":0.12815678119659425},"rotation":{"x":0.07971677929162979,"y":-0.7983941435813904,"z":0.10844270884990692,"w":0.5869005918502808},"size":6.74336576461792,"orthographic":false}