{"cameraMode":{"drawMode":0,"name":"Shaded","section":"Shading Mode"},"sceneLighting":false,"audioPlay":false,"sceneViewState":{"showFog":true,"showMaterialUpdate":false,"showSkybox":true,"showFlares":true,"showImageEffects":true,"showParticleSystems":true},"in2DMode":false,"pivot":{"x":-0.3325669467449188,"y":0.5353212356567383,"z":-0.023938095197081567},"rotation":{"x":0.06293544173240662,"y":-0.026943162083625795,"z":0.00169969885610044,"w":0.9976524114608765},"size":1.9554851055145264,"orthographic":false}