{"cameraMode":{"drawMode":0,"name":"Shaded","section":"Shading Mode"},"sceneLighting":true,"audioPlay":false,"sceneViewState":{"showFog":true,"showMaterialUpdate":false,"showSkybox":true,"showFlares":true,"showImageEffects":true,"showParticleSystems":true},"in2DMode":false,"pivot":{"x":0.01845405623316765,"y":0.2421736866235733,"z":0.22196877002716065},"rotation":{"x":-0.09295522421598435,"y":0.17117100954055787,"z":-0.01622101478278637,"w":-0.9807124137878418},"size":1.175034523010254,"orthographic":false}