{"cameraMode":{"drawMode":0,"name":"Shaded","section":"Shading Mode"},"sceneLighting":false,"audioPlay":false,"sceneViewState":{"showFog":true,"showMaterialUpdate":false,"showSkybox":true,"showFlares":true,"showImageEffects":true,"showParticleSystems":true},"in2DMode":false,"pivot":{"x":0.0,"y":1.1404396295547486,"z":-0.000316619873046875},"rotation":{"x":-0.10401153564453125,"y":-0.8038663268089294,"z":0.1475251317024231,"w":-0.5667598843574524},"size":46.89269256591797,"orthographic":false}