{"cameraMode":{"drawMode":0,"name":"Shaded","section":"Shading Mode"},"sceneLighting":true,"audioPlay":false,"sceneViewState":{"showFog":true,"showMaterialUpdate":false,"showSkybox":true,"showFlares":true,"showImageEffects":true,"showParticleSystems":true},"in2DMode":false,"pivot":{"x":4.742030143737793,"y":0.8053796291351318,"z":-3.638293743133545},"rotation":{"x":-0.21127261221408845,"y":0.24277637898921967,"z":-0.0542638935148716,"w":-0.9452401995658875},"size":16.120746612548829,"orthographic":false}