{"cameraMode":{"drawMode":0,"name":"Shaded","section":"Shading Mode"},"sceneLighting":false,"audioPlay":false,"sceneViewState":{"showFog":true,"showMaterialUpdate":false,"showSkybox":true,"showFlares":true,"showImageEffects":true,"showParticleSystems":true},"in2DMode":false,"pivot":{"x":5.556557655334473,"y":-2.1579136848449709,"z":-4.138010025024414},"rotation":{"x":-0.1024368479847908,"y":0.5137621760368347,"z":-0.06194905564188957,"w":-0.8495396375656128},"size":1.1699233055114747,"orthographic":false}