{"cameraMode":{"drawMode":0,"name":"Shaded","section":"Shading Mode"},"sceneLighting":false,"audioPlay":false,"sceneViewState":{"showFog":true,"showMaterialUpdate":false,"showSkybox":true,"showFlares":true,"showImageEffects":true,"showParticleSystems":true},"in2DMode":false,"pivot":{"x":0.5925433039665222,"y":0.0022365152835845949,"z":-0.025935158133506776},"rotation":{"x":0.15308034420013429,"y":0.05185567960143089,"z":-0.008043691515922547,"w":0.9868195652961731},"size":5.356708526611328,"orthographic":false}