{"cameraMode":{"drawMode":0,"name":"Shaded","section":"Shading Mode"},"sceneLighting":false,"audioPlay":false,"sceneViewState":{"showFog":true,"showMaterialUpdate":false,"showSkybox":true,"showFlares":true,"showImageEffects":true,"showParticleSystems":true},"in2DMode":false,"pivot":{"x":0.5925433039665222,"y":0.0022365152835845949,"z":-0.025935158133506776},"rotation":{"x":0.19509124755859376,"y":-0.721271276473999,"z":0.22501210868358613,"w":0.6253613829612732},"size":5.356708526611328,"orthographic":false}