{"cameraMode":{"drawMode":0,"name":"Shaded","section":"Shading Mode"},"sceneLighting":false,"audioPlay":false,"sceneViewState":{"showFog":true,"showMaterialUpdate":false,"showSkybox":true,"showFlares":true,"showImageEffects":true,"showParticleSystems":true},"in2DMode":false,"pivot":{"x":-0.016960926353931428,"y":0.03943759948015213,"z":0.02563135325908661},"rotation":{"x":0.07971677929162979,"y":-0.7983941435813904,"z":0.10844270884990692,"w":0.5869005918502808},"size":0.46930837631225588,"orthographic":false}