{"cameraMode":{"drawMode":0,"name":"Shaded","section":"Shading Mode"},"sceneLighting":false,"audioPlay":false,"sceneViewState":{"showFog":true,"showMaterialUpdate":false,"showSkybox":true,"showFlares":true,"showImageEffects":true,"showParticleSystems":true},"in2DMode":false,"pivot":{"x":-1.1920928955078126e-7,"y":0.9558792114257813,"z":0.26179036498069765},"rotation":{"x":0.03998168185353279,"y":-0.6921173930168152,"z":0.03845202177762985,"w":0.7196502089500427},"size":5.884942531585693,"orthographic":false}