{"cameraMode":{"drawMode":0,"name":"Shaded","section":"Shading Mode"},"sceneLighting":false,"audioPlay":false,"sceneViewState":{"showFog":true,"showMaterialUpdate":false,"showSkybox":true,"showFlares":true,"showImageEffects":true,"showParticleSystems":true},"in2DMode":false,"pivot":{"x":-0.01266324520111084,"y":0.060126855969429019,"z":0.02053886651992798},"rotation":{"x":0.4045032858848572,"y":-0.4021050035953522,"z":0.20446133613586427,"w":0.7955402135848999},"size":2.0020182132720949,"orthographic":false}