{"cameraMode":{"drawMode":0,"name":"Shaded","section":"Shading Mode"},"sceneLighting":false,"audioPlay":false,"sceneViewState":{"showFog":true,"showMaterialUpdate":false,"showSkybox":true,"showFlares":true,"showImageEffects":true,"showParticleSystems":true},"in2DMode":false,"pivot":{"x":-7.450580596923828e-9,"y":0.28058791160583498,"z":0.026179032400250436},"rotation":{"x":0.10867307335138321,"y":-0.013419839553534985,"z":0.0014669261872768403,"w":0.9939858913421631},"size":3.516141891479492,"orthographic":false}