{"cameraMode":{"drawMode":0,"name":"Shaded","section":"Shading Mode"},"sceneLighting":false,"audioPlay":false,"sceneViewState":{"showFog":true,"showMaterialUpdate":false,"showSkybox":true,"showFlares":true,"showImageEffects":true,"showParticleSystems":true},"in2DMode":false,"pivot":{"x":5.960464477539063e-8,"y":0.8489713668823242,"z":0.36396610736846926},"rotation":{"x":0.10867307335138321,"y":-0.013419839553534985,"z":0.0014669261872768403,"w":0.9939858913421631},"size":5.731298446655273,"orthographic":false}